{"version": 2, "width": 100, "height": 45, "timestamp": 1644486099, "idle_time_limit": 2.0, "env": {"SHELL": "/bin/bash", "TERM": "xterm-kitty"}}
[0.026241, "o", "\u001b(B\u001b[m"]
[0.032531, "o", "\u001b]0;cmdcap\u0007"]
[0.103879, "o", "\u001b[?2004h\u001b[91medwin \u001b(B\u001b[min \u001b[38;5;190m.../Docs/Programming/repos/cmdcap\u001b(B\u001b[m on \u001b[38;5;141mmain*\u001b(B\u001b[m\r\r\n⚡ \u001b(B\u001b[m"]
[0.59616, "o", "l"]
[0.722217, "o", "s"]
[2.722232, "o", " "]
[2.805441, "o", "-"]
[2.855739, "o", "a"]
[3.628613, "o", " "]
[3.756614, "o", "-"]
[3.873685, "o", "-"]
[4.081026, "o", " "]
[4.13134, "o", "~"]
[4.256365, "o", ";"]
[4.306608, "o", " "]
[4.356597, "o", "s"]
[4.541652, "o", "l"]
[4.714578, "o", "e"]
[4.76465, "o", "e"]
[4.814723, "o", "p"]
[5.015874, "o", " "]
[5.105884, "o", "3"]
[5.430284, "o", "\r\n\u001b[?2004l\r"]
[5.4338, "o", " \u001b[0m\u001b[34m.\u001b[0m                  \u001b[34m.dots\u001b[0m               \u001b[34m.npm\u001b[0m                  \u001b[34m.var\u001b[0m\r\n \u001b[34m..\u001b[0m                 \u001b[34mDownloads\u001b[0m           \u001b[00m.nsh_history\u001b[0m          \u001b[35mVids\u001b[0m\r\n \u001b[35m.alsoftrc\u001b[0m          \u001b[34m.emscripten_cache\u001b[0m   \u001b[01;32m.nsh.log\u001b[0m              \u001b[34m.vim\u001b[0m\r\n \u001b[35m.bash_logout\u001b[0m       \u001b[35mexperiments\u001b[0m         \u001b[00m.nvidia-settings-rc\u001b[0m  \u001b[34m'VirtualBox VMs'\u001b[0m\r\n \u001b[35m.bash_profile\u001b[0m      \u001b[00m.face\u001b[0m               \u001b[35m.pam_environment\u001b[0m      \u001b[34m.vscode\u001b[0m\r\n \u001b[35m.bashrc\u001b[0m            \u001b[34mGames\u001b[0m               \u001b[35mPics\u001b[0m                  \u001b[34m.vs-kubernetes\u001b[0m\r\n \u001b[34m.bootstrap\u001b[0m         \u001b[35mgit\u001b[0m                 \u001b[34m.pki\u001b[0m                  \u001b[35mworkspaces\u001b[0m\r\n \u001b[34m.cache\u001b[0m             \u001b[34m.gnupg\u001b[0m              \u001b[34m.pnpm-store\u001b[0m           \u001b[00m.Xauthority\u001b[0m\r\n\u001b[34m'Calibre Library'\u001b[0m   \u001b[35m.hushlogin\u001b[0m          \u001b[35m.profile\u001b[0m              \u001b[01;31m.Xclients\u001b[0m\r\n \u001b[35mchallenges\u001b[0m         \u001b[34m.i"]
[5.434022, "o", "etf\u001b[0m               \u001b[34mPublic\u001b[0m                \u001b[01;31m.xinitrc\u001b[0m\r\n \u001b[34m.cinnamon\u001b[0m          \u001b[34m.java\u001b[0m               \u001b[34m.renpy\u001b[0m                \u001b[35m.Xmodmap\u001b[0m\r\n \u001b[34m.config\u001b[0m            \u001b[34m.local\u001b[0m              \u001b[35mrepos\u001b[0m                 \u001b[34m.xschem\u001b[0m\r\n \u001b[34m.cpan\u001b[0m              \u001b[34m.lunarclient\u001b[0m        \u001b[35mscripts\u001b[0m               \u001b[00m.xsession-errors\u001b[0m\r\n \u001b[34mdata\u001b[0m               \u001b[34m.m2\u001b[0m                 \u001b[34m.shutter\u001b[0m              \u001b[01;33m.xsession-errors.old\u001b[0m\r\n \u001b[34mDesk\u001b[0m               \u001b[00m.makepkg.conf\u001b[0m       \u001b[35m.ssh\u001b[0m                  \u001b[34m.yarn\u001b[0m\r\n \u001b[00m.digital.cfg\u001b[0m       \u001b[34m.minecraft\u001b[0m          \u001b[34m.steam\u001b[0m                \u001b[00m.yarnrc\u001b[0m\r\n \u001b[00m.dir_colors\u001b[0m        \u001b[34m.minikube\u001b[0m           \u001b[05;37;41m.steampath\u001b[0m            \u001b[00m.yash_history\u001b[0m\r\n \u001b[35mDls\u001b[0m                \u001b[35m.mozilla\u001b[0m            \u001b[35m.steampid\u001b[0m             \u001b[00m.zshenv\u001b[0m\r\n \u001b[00m.dmrc\u001b[0m              \u001b[35mMusic\u001b[0m              "]
[5.434245, "o", " \u001b[34m.subversion\u001b[0m\r\n \u001b[35mDocs\u001b[0m               \u001b[34m.netbeans\u001b[0m           \u001b[34mTemplates\u001b[0m\r\n"]
[8.437126, "o", "\u001b]0;cmdcap\u0007"]